group,metric,n,period,post_sig_count,post_sig_pct,trend_sig_count,trend_sig_pct,post_pos_sig_pct,post_neg_sig_pct,trend_pos_sig_pct,trend_neg_sig_pct,post_pos_share_among_sig,trend_pos_share_among_sig,mean_coef_post,median_coef_post,mean_coef_trend,median_coef_trend
Javascript,gross_churn,65,weeks,4,0.06153846153846154,10,0.15384615384615385,0.015384615384615385,0.046153846153846156,0.06153846153846154,0.09230769230769231,0.25,0.4,-996.8434856680934,-108.24136696406977,233.35063691206153,-1.865019691410159
Python,gross_churn,42,weeks,6,0.14285714285714285,4,0.09523809523809523,0.047619047619047616,0.09523809523809523,0.023809523809523808,0.07142857142857142,0.3333333333333333,0.25,-1239.1871592914042,-384.67482313415655,1367.144270819958,-43.834812197045665
Rust,gross_churn,8,weeks,1,0.125,1,0.125,0.0,0.125,0.0,0.125,0.0,0.0,-3046.4789415573387,-2241.592804941566,-507.699127302639,-136.8613126015349
HTML,gross_churn,32,weeks,0,0.0,0,0.0,0.0,0.0,0.0,0.0,,,-231.96097600450418,-5.352360593608157,19.39232519518466,0.6455178530662243
Go,gross_churn,12,weeks,0,0.0,2,0.16666666666666666,0.0,0.0,0.0,0.16666666666666666,,0.0,932.1118659843279,-90.24774519658823,-360.3373560368097,-40.52058475585013
Java,gross_churn,5,weeks,0,0.0,0,0.0,0.0,0.0,0.0,0.0,,,-554.0701452976496,-379.0113635696693,-71.33458585754866,-68.97850209054477
Bash,gross_churn,51,weeks,1,0.0196078431372549,2,0.0392156862745098,0.0,0.0196078431372549,0.0196078431372549,0.0196078431372549,0.0,0.5,-25.996391756711496,-1.4762922618814147,-9.666942041523205,0.06036912028416854
PHP,gross_churn,2,weeks,0,0.0,0,0.0,0.0,0.0,0.0,0.0,,,2395.6600568408317,2395.6600568408317,-900.7534632469022,-900.7534632469022
C,gross_churn,15,weeks,0,0.0,3,0.2,0.0,0.0,0.13333333333333333,0.06666666666666667,,0.6666666666666666,-561.4949843211032,-30.206238596129015,-108.38448826369239,-7.280459325522112
CSS,gross_churn,46,weeks,1,0.021739130434782608,6,0.13043478260869565,0.0,0.021739130434782608,0.10869565217391304,0.021739130434782608,0.0,0.8333333333333334,-90.00187639190972,-17.19888978538945,4.439326630600882,0.6475216856535944
All,gross_churn,111,weeks,8,0.07207207207207207,14,0.12612612612612611,0.009009009009009009,0.06306306306306306,0.018018018018018018,0.10810810810810811,0.125,0.14285714285714285,-1052.3874692546963,-170.25959956281696,296.35990481771677,-50.64914352747475
Javascript,net_added,64,weeks,4,0.0625,8,0.125,0.03125,0.03125,0.03125,0.09375,0.5,0.25,-511.63411328641274,-28.453849757402992,-26.167697952951016,-0.5526575974632753
Python,net_added,42,weeks,7,0.16666666666666666,8,0.19047619047619047,0.07142857142857142,0.09523809523809523,0.023809523809523808,0.16666666666666666,0.42857142857142855,0.125,153.66561211783278,-29.73072212280495,-131.75247503604618,-43.385123337357435
Rust,net_added,7,weeks,1,0.14285714285714285,3,0.42857142857142855,0.0,0.14285714285714285,0.0,0.42857142857142855,0.0,0.0,-1855.9925791756048,-1779.5125735062227,-312.477285696568,-174.53483678646742
HTML,net_added,28,weeks,1,0.03571428571428571,0,0.0,0.0,0.03571428571428571,0.0,0.0,0.0,,-248.31378442783722,-9.231531063471781,0.02903496725572165,0.18874173530256994
Go,net_added,13,weeks,0,0.0,0,0.0,0.0,0.0,0.0,0.0,,,411.8749212528988,-623.0646756683766,-348.0040425506452,-4.001902099344272
Java,net_added,5,weeks,0,0.0,0,0.0,0.0,0.0,0.0,0.0,,,-177.9700463719093,-13.27297754082207,-35.92571554618708,1.1839269128190495
Bash,net_added,51,weeks,2,0.0392156862745098,4,0.0784313725490196,0.0196078431372549,0.0196078431372549,0.0,0.0784313725490196,0.5,0.0,0.6306862207312459,-0.22808390459446515,-2.8836700676131386,0.0746853684275049
PHP,net_added,2,weeks,0,0.0,0,0.0,0.0,0.0,0.0,0.0,,,633.0282644054199,633.0282644054199,-782.2408887804099,-782.2408887804099
C,net_added,13,weeks,1,0.07692307692307693,1,0.07692307692307693,0.07692307692307693,0.0,0.0,0.07692307692307693,1.0,0.0,-264.56374907457297,-33.03940196754514,-87.7852926144645,0.24196688884850032
CSS,net_added,42,weeks,1,0.023809523809523808,0,0.0,0.0,0.023809523809523808,0.0,0.0,0.0,,-40.726245894235795,-18.68043944170863,5.720390901978606,0.7203516373976638
All,net_added,111,weeks,10,0.09009009009009009,12,0.10810810810810811,0.036036036036036036,0.05405405405405406,0.0,0.10810810810810811,0.4,0.0,-51.8346836778971,-28.184815293290914,37.627082842234536,-30.306772637616394
Javascript,net_removed,56,weeks,2,0.03571428571428571,1,0.017857142857142856,0.017857142857142856,0.017857142857142856,0.0,0.017857142857142856,0.5,0.0,-408.8261128205122,-7.666279931529653,392.88750772719703,-0.17785060062826918
Python,net_removed,41,weeks,1,0.024390243902439025,2,0.04878048780487805,0.0,0.024390243902439025,0.0,0.04878048780487805,0.0,0.0,-1423.3127130947435,-35.04737748242034,1577.4505502540248,0.15075516954958235
Rust,net_removed,8,weeks,0,0.0,0,0.0,0.0,0.0,0.0,0.0,,,-377.4340633108051,-374.6242390235228,-15.32516938602121,-8.839018984513487
HTML,net_removed,24,weeks,1,0.041666666666666664,0,0.0,0.041666666666666664,0.0,0.0,0.0,1.0,,44.28220298282139,-0.7564288330887389,28.018104486035043,0.02661106336218927
Go,net_removed,13,weeks,0,0.0,2,0.15384615384615385,0.0,0.0,0.0,0.15384615384615385,,0.0,-913.7917724973764,-7.676297227403383,6.192061673452853,-1.4996833960224556
Java,net_removed,6,weeks,0,0.0,0,0.0,0.0,0.0,0.0,0.0,,,-127.12871699551918,-114.687114352555,-0.973391719561589,-3.2538132382072478
Bash,net_removed,46,weeks,2,0.043478260869565216,1,0.021739130434782608,0.043478260869565216,0.0,0.0,0.021739130434782608,1.0,0.0,-7.245132632978146,0.013730253648252458,-0.5229381498240728,-0.12317955435828763
PHP,net_removed,1,weeks,0,0.0,0,0.0,0.0,0.0,0.0,0.0,,,2.7895675249646366,2.7895675249646366,0.03608920173230363,0.03608920173230363
C,net_removed,12,weeks,0,0.0,2,0.16666666666666666,0.0,0.0,0.16666666666666666,0.0,,1.0,-84.71688294313647,-9.88877348379604,86.73489732969394,0.44586639530703376
CSS,net_removed,35,weeks,1,0.02857142857142857,1,0.02857142857142857,0.0,0.02857142857142857,0.02857142857142857,0.0,0.0,1.0,-41.27683934908018,-6.220682631201931,-1.2487472940001705,-0.009545614042022066
All,net_removed,106,weeks,0,0.0,5,0.04716981132075472,0.0,0.0,0.009433962264150943,0.03773584905660377,,0.2,-366.8378422961905,-23.95010957232241,399.5015232489043,-0.15981268670292365
Javascript,net_negative_commits,63,weeks,3,0.047619047619047616,6,0.09523809523809523,0.015873015873015872,0.031746031746031744,0.031746031746031744,0.06349206349206349,0.3333333333333333,0.3333333333333333,96.67839232541692,8.010506397942404,327.23306889954364,0.4722856788110483
Python,net_negative_commits,42,weeks,3,0.07142857142857142,6,0.14285714285714285,0.047619047619047616,0.023809523809523808,0.09523809523809523,0.047619047619047616,0.6666666666666666,0.6666666666666666,-999.2897965198367,-5.247681971005759,1661.529832809742,22.362018198281284
Rust,net_negative_commits,7,weeks,1,0.14285714285714285,1,0.14285714285714285,0.14285714285714285,0.0,0.14285714285714285,0.0,1.0,1.0,1399.9122992209725,546.8387710103186,294.4946640744392,98.80833159333423
HTML,net_negative_commits,32,weeks,2,0.0625,0,0.0,0.0625,0.0,0.0,0.0,1.0,,254.66621746645234,4.746239082321644,21.203408337744328,-0.02685116710209894
Go,net_negative_commits,12,weeks,0,0.0,0,0.0,0.0,0.0,0.0,0.0,,,-1371.1464119404661,-122.40008105169946,436.11656897266676,21.698897990277235
Java,net_negative_commits,5,weeks,0,0.0,0,0.0,0.0,0.0,0.0,0.0,,,72.50344809151969,2.1110584358805453,35.86529103321406,-0.8819068696927628
Bash,net_negative_commits,54,weeks,1,0.018518518518518517,1,0.018518518518518517,0.018518518518518517,0.0,0.018518518518518517,0.0,1.0,1.0,-1.8372203743507147,0.44596452508493656,5.22143305494177,-0.06028371421203217
PHP,net_negative_commits,2,weeks,0,0.0,0,0.0,0.0,0.0,0.0,0.0,,,-730.9199799413516,-730.9199799413516,794.4504670494672,794.4504670494672
C,net_negative_commits,15,weeks,1,0.06666666666666667,4,0.26666666666666666,0.0,0.06666666666666667,0.26666666666666666,0.0,0.0,1.0,159.38373013391546,-2.054250053304895,145.58602385287472,0.29351006880026576
CSS,net_negative_commits,44,weeks,0,0.0,1,0.022727272727272728,0.0,0.0,0.0,0.022727272727272728,,0.0,-4.415295174083605,6.57252920789154,-4.261483310125963,-0.09995428947060078
All,net_negative_commits,108,weeks,7,0.06481481481481481,10,0.09259259259259259,0.027777777777777776,0.037037037037037035,0.08333333333333333,0.009259259259259259,0.42857142857142855,0.9,390.0393827879761,0.6314241049483135,507.0638508966476,23.997961765085307
Javascript,add_delete_ratio,66,weeks,3,0.045454545454545456,6,0.09090909090909091,0.0,0.045454545454545456,0.045454545454545456,0.045454545454545456,0.0,0.5,7.258271468198142,-2.190799912588858,4.000459274664535,-0.11798711202079837
Python,add_delete_ratio,45,weeks,1,0.022222222222222223,5,0.1111111111111111,0.022222222222222223,0.0,0.0,0.1111111111111111,1.0,0.0,4.655627494458869,0.36321677073192293,-1.0238090437142788,-0.4209123458770575
Rust,add_delete_ratio,8,weeks,0,0.0,2,0.25,0.0,0.0,0.0,0.25,,0.0,-6.2165463809664745,-4.9789872934275365,-0.6477417058280103,-0.18972608650334052
HTML,add_delete_ratio,32,weeks,1,0.03125,1,0.03125,0.0,0.03125,0.0,0.03125,0.0,0.0,-170.05310462907454,-3.1930273940869487,-8.395513476529805,0.10896434266921513
Go,add_delete_ratio,13,weeks,0,0.0,0,0.0,0.0,0.0,0.0,0.0,,,4.308318320436455,-7.989609259063793,-1.237805641323495,-0.142816928521034
Java,add_delete_ratio,7,weeks,0,0.0,0,0.0,0.0,0.0,0.0,0.0,,,1.4802284509016153,-0.5678142938664742,0.4804574325397314,0.1324816205545197
Bash,add_delete_ratio,54,weeks,0,0.0,3,0.05555555555555555,0.0,0.0,0.037037037037037035,0.018518518518518517,,0.6666666666666666,-1.0669247983723247,-0.621989743140189,0.06747957008117408,0.024550363001010114
PHP,add_delete_ratio,2,weeks,0,0.0,0,0.0,0.0,0.0,0.0,0.0,,,2.17994731228215,2.17994731228215,-2.671247169427905,-2.671247169427905
C,add_delete_ratio,14,weeks,1,0.07142857142857142,1,0.07142857142857142,0.0,0.07142857142857142,0.07142857142857142,0.0,0.0,1.0,-52.47193550601912,-3.8718531611380715,8.051269458850987,-0.009663507951052218
CSS,add_delete_ratio,45,weeks,2,0.044444444444444446,3,0.06666666666666667,0.0,0.044444444444444446,0.022222222222222223,0.044444444444444446,0.0,0.3333333333333333,-10.162243152977886,-3.245062316842121,-1.2412733102375593,0.022363671641563755
All,add_delete_ratio,114,weeks,9,0.07894736842105263,17,0.14912280701754385,0.03508771929824561,0.043859649122807015,0.02631578947368421,0.12280701754385964,0.4444444444444444,0.17647058823529413,6.29223389016306,-1.0331386191589809,-1.0061407095448827,-0.24085501784788138
Javascript,total_commits,63,weeks,9,0.14285714285714285,19,0.30158730158730157,0.09523809523809523,0.047619047619047616,0.07936507936507936,0.2222222222222222,0.6666666666666666,0.2631578947368421,-0.795905044181717,-0.2524476552485268,-1.014801502113834,-0.06580788698264775
Python,total_commits,46,weeks,9,0.1956521739130435,12,0.2608695652173913,0.06521739130434782,0.13043478260869565,0.043478260869565216,0.21739130434782608,0.3333333333333333,0.16666666666666666,-1.5956714140151467,-1.3379804384824867,-0.6785315049061981,-0.08112647006091595
Rust,total_commits,7,weeks,1,0.14285714285714285,5,0.7142857142857143,0.14285714285714285,0.0,0.14285714285714285,0.5714285714285714,1.0,0.2,-1.1467783786753645,-1.5727264831069803,-1.324939363840225,-0.43625854062937325
HTML,total_commits,33,weeks,1,0.030303030303030304,2,0.06060606060606061,0.0,0.030303030303030304,0.0,0.06060606060606061,0.0,0.0,-0.413292282467406,-0.1999834889150303,0.025850781249498266,0.02860195550651412
Go,total_commits,12,weeks,0,0.0,3,0.25,0.0,0.0,0.0,0.25,,0.0,-1.2092724049797154,-0.29859439940116855,-0.5791936192563097,-0.2100374131299002
Java,total_commits,6,weeks,0,0.0,1,0.16666666666666666,0.0,0.0,0.16666666666666666,0.0,,1.0,-2.3875034040837466,-0.6796939290520451,-0.16707592499643287,0.005603110761864569
Bash,total_commits,56,weeks,3,0.05357142857142857,5,0.08928571428571429,0.017857142857142856,0.03571428571428571,0.0,0.08928571428571429,0.3333333333333333,0.0,-0.3626684646826238,-0.12130828904796662,-0.16816770256251856,-0.015696771945967216
PHP,total_commits,1,weeks,0,0.0,0,0.0,0.0,0.0,0.0,0.0,,,-3.9955929538418227,-3.9955929538418227,-4.688798561393617,-4.688798561393617
C,total_commits,13,weeks,1,0.07692307692307693,3,0.23076923076923078,0.0,0.07692307692307693,0.07692307692307693,0.15384615384615385,0.0,0.3333333333333333,-1.3986982553630654,-0.3546165841967294,-0.5647297701782797,0.006989184633806457
CSS,total_commits,45,weeks,3,0.06666666666666667,4,0.08888888888888889,0.022222222222222223,0.044444444444444446,0.06666666666666667,0.022222222222222223,0.3333333333333333,0.75,-0.6194737172346633,-0.5676467227037196,0.0430695318923745,0.018721378032980327
All,total_commits,106,weeks,12,0.11320754716981132,28,0.2641509433962264,0.05660377358490566,0.05660377358490566,0.03773584905660377,0.22641509433962265,0.5,0.14285714285714285,-1.7929601739974363,-0.8624662635444964,-1.1671072629253583,-0.3043544330144934
Javascript,files_touched_per_commit,65,weeks,3,0.046153846153846156,11,0.16923076923076924,0.015384615384615385,0.03076923076923077,0.046153846153846156,0.12307692307692308,0.3333333333333333,0.2727272727272727,-2.400857538842628,-1.021890314080191,0.5866993137491753,-0.03012993547679021
Python,files_touched_per_commit,49,weeks,3,0.061224489795918366,8,0.16326530612244897,0.02040816326530612,0.04081632653061224,0.0,0.16326530612244897,0.3333333333333333,0.0,-16.519284970109346,-0.5264570463656421,21.790552526269312,-0.04830167748756787
Rust,files_touched_per_commit,8,weeks,1,0.125,2,0.25,0.0,0.125,0.125,0.125,0.0,0.5,-2.3991852004015524,-2.2632968141969316,-0.12266152621443649,-0.1085667569126802
HTML,files_touched_per_commit,32,weeks,1,0.03125,1,0.03125,0.0,0.03125,0.03125,0.0,0.0,1.0,0.18884998394307034,-0.2307449835534034,-0.09968724086721038,0.018697864496249692
Go,files_touched_per_commit,13,weeks,1,0.07692307692307693,2,0.15384615384615385,0.0,0.07692307692307693,0.0,0.15384615384615385,0.0,0.0,-3.656759627441445,-4.04413519684987,-0.3943210132746042,-0.05566316249491662
Java,files_touched_per_commit,6,weeks,0,0.0,1,0.16666666666666666,0.0,0.0,0.0,0.16666666666666666,,0.0,-3.5097673121328268,-2.8249030288160597,-0.2836103138062552,-0.17255490564888526
Bash,files_touched_per_commit,54,weeks,2,0.037037037037037035,2,0.037037037037037035,0.037037037037037035,0.0,0.0,0.037037037037037035,1.0,0.0,-0.06962356084273509,-0.15919078125776787,0.05290524845557347,0.00032210471957349587
PHP,files_touched_per_commit,2,weeks,0,0.0,1,0.5,0.0,0.0,0.0,0.5,,0.0,-0.3611370199188359,-0.3611370199188359,-0.4176841255445505,-0.4176841255445505
C,files_touched_per_commit,13,weeks,1,0.07692307692307693,0,0.0,0.0,0.07692307692307693,0.0,0.0,0.0,,-8.18274956832383,-1.2072172791058857,-1.4259220279570313,-0.030358038110843606
CSS,files_touched_per_commit,43,weeks,1,0.023255813953488372,6,0.13953488372093023,0.0,0.023255813953488372,0.06976744186046512,0.06976744186046512,0.0,0.5,-0.6925593009319446,-0.44287907136165056,0.008999507131392892,0.009426756681005309
All,files_touched_per_commit,114,weeks,9,0.07894736842105263,16,0.14035087719298245,0.017543859649122806,0.06140350877192982,0.017543859649122806,0.12280701754385964,0.2222222222222222,0.125,-2.6159948046925368,-1.2681824327574398,0.4373702139863106,-0.09442316906248058
